shanghai,shenzhen
2023.74,1148.29
2026.67,1164.32
2024.37,1172.76
2033.93,1177.33
2025.5,1166.5
2038.68,1174.41
2036.51,1191.36
2048.33,1194.94
2050.38,1194.81
2059.42,1187.95
2063.23,1201.18
2059.38,1218.73
2059.93,1223.09
2064.02,1222.12
2038.61,1223.83
2038.34,1232.5
2046.96,1223.07
2066.65,1202.46
2070.36,1209.2
2067.28,1198.71
2055.59,1212.26
2059.07,1232.56
2054.48,1249.06
2075.48,1258.74
2078.49,1268.56
2105.06,1273.68
2126.61,1279.52
2177.95,1285.18
2183.19,1283.03
2181.24,1294.79
2201.56,1304.2
2185.3,1263.04
2223.33,1271.34
2219.95,1279.43
2217.47,1291.23
2187.67,1275.52
2194.43,1291.42
2224.65,1309.14
2221.6,1309.04
2222.88,1312.6
2206.47,1324.94
2226.73,1333.5
2239.47,1351.82
2245.33,1355.71
2240.21,1350.6
2230.46,1349.47
2240.81,1345.64
2229.27,1351.13
2207.11,1332.9
2209.47,1323.52
2195.82,1340.98
2217.2,1330.77
2235.51,1316.03
2266.05,1296.05
2288.63,1296.64
2306.86,1302.39
2326.43,1333.53
2326.53,1349.97
2318.31,1349.57
2311.68,1350.5
2331.95,1361.38
2339.14,1353.81
2296.56,1353.12
2307.89,1364.53
2315.93,1354.36
2329.45,1365.64
2289.87,1325.73
2309.72,1345.41
2343.58,1325.78
2345.1,1322.62
2347.72,1335.73
2357.71,1338.09
2363.87,1347.36
2382.79,1344.57
2389.37,1359.83
2374.54,1377.79
2366.01,1397.41
2359.48,1405.66
2373.67,1416.18
2356.5,1420.32
2341.18,1412.56
2356.73,1433.5
2339.66,1452.92
2326.55,1481.96
2302.42,1454.63
2302.28,1466.65
2290.44,1403.39
2337.87,1452.53
2373.03,1465.59
2391.08,1479.82
2420.18,1500.56
2430.03,1503.58
2430.68,1492.94
2419.25,1484.26
2425.86,1465.59
2418.17,1412.3
2473.67,1392.62
2469.67,1404.4
2494.48,1424.62
2485.61,1439.48
2478.82,1418.49
2474.01,1398.57
2456.37,1415.19
2450.99,1436.86
2452.66,1461.32
2486.79,1457.45
2532.88,1451.15
2567.6,1442.84
2604.35,1432.56
2630.49,1452.37
2682.84,1445.86
2680.16,1459.69
2763.55,1478.47
2779.53,1428.37
2899.46,1476.84
2937.65,1512.29
3020.26,1530.28
2856.27,1514.3
2940.01,1548.02
2925.74,1549.93
2938.17,1538.86
2953.42,1529.38
3021.52,1512.39
3061.02,1502.89
3057.52,1533.22
3108.6,1529.04
3127.45,1526.11
3032.61,1495.26
2972.53,1489.39
3072.54,1512.49
3157.6,1533.32
3168.02,1544.8
3165.82,1569.56
3234.68,1600.05
3350.52,1610.73
3351.45,1598.3
3373.95,1614.71
3293.46,1630.05
3285.41,1663.65
3229.32,1644.99
3235.3,1673.24
3222.44,1677.77
3336.46,1651.77
3376.5,1672.07
3116.35,1691.98
3173.05,1689.15
3323.61,1684.83
3343.34,1708.08
3351.76,1760.19
3383.18,1781.78
3352.96,1818.38
3305.74,1827.86
3262.31,1852.94
3210.36,1903.64
3128.3,1922.85
3204.91,1943.69
3174.13,1914.23
3136.53,1935.59
3075.91,1948.06
3095.12,1958.4
3141.59,2005.67
3157.7,2043.03
3173.42,2080.4
3203.83,2124.09
3222.36,2109.03
3246.91,2096.97
3228.84,2149.11
3298.36,2187.73
3310.3,2181.89
3336.29,2101.65
3263.05,2126.15
3279.53,2136.27
3248.48,2093.71
3241.19,2174.93
3302.41,2234.46
3286.07,2256.98
3290.9,2256.36
3349.32,2271.27
3372.91,2208.56
3449.31,2254.98
3502.85,2267.77
3577.3,2281.66
3582.27,2217.89
3617.32,2206.71
3687.73,2181.3
3691.41,2272.17
3660.73,2373.92
3682.1,2425.9
3691.1,2445.87
3786.57,2454.2
3747.9,2442.76
3810.29,2501.46
3825.78,2567.29
3863.93,2619.32
3961.38,2713.42
3994.81,2740.92
3957.53,2785.07
4034.31,2884.66
4121.72,2918.02
4135.57,2756.93
4084.16,2793.25
4194.82,2926.96
4287.3,3029.97
4217.08,3041.41
4293.62,3023.7
4398.49,3051.96
4414.51,2999.34
4393.69,2994.85
4527.4,3055.58
4476.22,3100.94
4476.62,3140.66
4441.66,3073.07
4480.46,2962.66
4298.71,3021.4
4229.27,2913.6
4112.21,2742.18
4205.92,2774.64
4333.58,2822.73
4401.22,2716.71
4375.76,2502.96
4378.31,2351.4
4308.69,2464.23
4283.49,2346.13
4417.55,2215.81
4446.29,2098.48
4529.42,2041.85
4657.6,1932.83
4813.8,1884.45
4910.9,1955.35
4941.71,2035.26
4620.27,2120.25
4611.74,2149.52
4828.74,2058.84
4910.53,2086.52
4909.98,2190.42
4947.1,2230.29
5023.1,2265.1
5131.88,2287.98
5113.53,2352.65
5106.04,2322.71
5121.59,2160.09
5166.35,2111.7
5062.99,2198.81
4887.43,2128.16
4967.9,2110.62
4785.36,2053.12
4478.36,2150.95
4576.49,2128.42
4690.15,2113.65
4527.78,2177.15
4192.87,2274.84
4053.03,2284.27
4277.22,2249.18
4053.7,2298.79
3912.77,2310.4
3686.92,2327.49
3775.91,2174.42
3727.12,2222.05
3507.19,2155.49
3709.33,2039.4
3877.8,1882.46
3970.39,1749.07
3924.49,1695.76
3805.7,1752.21
3823.18,1846.83
3957.35,1790.31
3992.11,1707.78
4017.67,1673.95
4026.05,1677.33
4123.92,1741.54
4070.91,1798.84
3725.56,1770.38
3663.0,1781.35
3789.17,1662.89
3705.77,1580.26
3663.73,1683.36
3622.91,1658.42
3756.54,1679.09
3694.57,1738.64
3661.54,1750.91
3744.2,1736.44
3928.42,1757.54
3927.91,1697.11
3886.32,1737.92
3954.56,1711.71
3965.33,1716.78
3993.67,1785.39
3748.16,1811.63
3794.11,1887.28
3664.29,1907.12
3507.74,1884.16
3209.91,1941.28
2964.97,1966.96
2927.29,1969.64
3083.59,2008.48
3232.35,1889.13
3205.99,1959.19
3166.62,2016.74
3160.17,2030.48
3080.42,2043.78
3170.45,1998.38
3243.09,2014.4
3197.89,2014.86
3200.23,1987.97
3114.8,1987.47
3005.17,2089.29
3152.26,2093.47
3086.06,2152.43
3097.92,2191.6
3156.54,2209.6
3185.62,2253.21
3115.89,2259.49
3142.69,2205.56
3092.35,2250.98
3100.76,2231.18
3038.14,2189.88
3052.78,2257.21
3143.36,2285.83
3183.15,2268.62
3287.66,2300.09
3293.23,2343.62
3262.44,2325.69
3338.07,2184.11
3391.35,2203.61
3386.7,2198.28
3425.33,2189.31
3320.68,2243.94
3368.74,2233.26
3412.43,2261.41
3429.58,2221.27
3434.34,2214.21
3375.2,2211.86
3387.32,2195.86
3382.56,2239.68
3325.08,2264.72
3316.7,2280.12
3459.64,2342.18
3522.82,2335.6
3590.03,2357.99
3646.88,2379.63
3640.49,2351.06
3650.25,2346.37
3632.9,2359.73
3580.84,2308.38
3606.96,2330.35
3604.8,2351.35
3568.47,2308.91
3617.06,2119.16
3630.5,2079.77
3610.32,2133.96
3616.11,1958.09
3647.93,1978.72
3635.55,1848.1
3436.3,1855.39
3445.4,1791.18
3456.31,1859.37
3536.91,1796.13
3584.82,1830.33
3524.99,1895.75
3536.93,1876.31
3470.07,1800.99
3472.44,1827.34
3455.5,1845.78
3434.58,1714.42
3520.67,1700.15
3510.35,1629.06
3516.19,1689.43
3580.0,1671.91
3578.96,1729.09
3642.47,1737.2
3651.77,1771.07
3636.09,1750.7
3612.49,1750.02
3627.91,1821.71
3533.78,1847.65
3563.74,1841.42
3572.88,1850.51
3539.18,1888.18
3296.26,1877.19
3287.71,1876.47
3361.84,1738.67
3125.0,1736.54
3186.41,1643.35
3016.7,1681.47
3022.86,1760.58
2949.6,1758.13
3007.65,1706.97
2900.97,1741.65
2913.84,1750.54
3007.74,1713.44
2976.69,1688.97
2880.48,1685.24
2916.56,1745.29
2938.52,1729.08
2749.79,1711.46
2735.56,1772.43
2655.66,1837.21
2737.6,1886.37
2688.85,1880.78
2749.57,1902.53
2739.25,1876.11
2781.02,1885.18
2763.49,1874.66
2746.2,1840.51
2836.57,1906.77
2867.34,1912.21
2862.89,1901.52
2860.02,1951.1
2927.18,1961.71
2903.33,1930.26
2928.9,1914.32
2741.25,1952.48
2767.21,1935.6
2687.98,1962.43
2733.17,1982.45
2849.68,1978.58
2859.76,1952.41
2874.15,1958.2
2897.34,1871.51
2901.39,1848.53
2862.56,1867.56
2804.73,1859.9
2810.31,1881.99
2859.5,1876.51
2864.37,1874.31
2870.43,1873.99
2904.83,1929.03
2955.15,1928.63
3018.8,1942.54
2999.36,1871.61
3009.96,1804.34
2960.97,1802.27
2979.43,1791.06
2957.82,1790.03
2919.83,1784.33
3000.65,1815.03
3003.92,1814.68
3009.53,1766.08
3053.07,1775.88
3050.59,1794.95
3008.42,1820.99
2984.96,1804.6
3033.96,1800.23
3023.65,1808.93
3066.64,1807.04
3082.36,1798.77
3078.12,1872.36
3033.66,1886.51
3042.82,1904.74
2972.58,1914.81
2952.89,1920.12
2959.24,1924.88
2946.67,1918.62
2964.7,1827.36
2953.67,1832.63
2945.59,1889.87
2938.32,1885.44
2992.64,1900.73
2991.27,1909.12
2997.84,1889.71
2913.25,1921.38
2832.11,1915.21
2832.59,1900.6
2837.04,1946.7
2835.86,1970.38
2827.11,1973.34
2850.86,1974.24
2843.68,1970.72
2807.51,2001.69
2806.91,2006.38
2825.48,2015.17
2843.65,2015.15
2821.67,2012.29
2815.09,2000.98
2822.44,2025.02
2821.05,2041.66
2822.45,2044.93
2916.62,2038.73
2913.51,2027.88
2925.23,2034.45
2938.68,2035.85
2934.1,2038.18
2936.05,2019.57
2927.16,2019.81
2833.07,2044.96
2842.19,1953.99
2887.21,1950.99
2872.82,1941.56
2885.11,1912.65
2888.81,1926.69
2878.56,1934.81
2905.55,1948.91
2891.96,1941.61
2854.29,1962.26
2895.7,1982.66
2912.56,1976.16
2931.59,1950.92
2929.61,1973.67
2932.48,2023.24
2988.6,2036.8
3006.39,2043.27
3017.29,2042.22
3016.85,2044.7
2988.09,2018.66
2994.92,2024.05
3049.38,2030.28
3060.69,2019.02
3054.02,2023.09
3054.3,2027.15
3043.56,2028.36
3036.6,2032.87
3027.9,2017.46
3039.01,2009.29
3012.82,2018.1
3015.83,2048.19
3050.17,2044.55
2992.0,2050.08
2994.32,2035.02
2979.34,1977.06
2953.39,1989.33
2971.28,1980.25
2978.46,2001.29
2982.43,2000.06
2976.7,2005.59
3004.28,2018.16
3025.68,2008.12
3018.75,1966.6
3002.64,1981.26
3050.67,1978.3
3125.2,1985.92
3110.04,1995.61
3109.56,2033.38
3104.11,2043.69
3108.1,2047.12
3084.81,2049.31
3089.71,2046.74
3085.88,2027.56
3068.33,2056.59
3070.31,2053.79
3070.03,2060.39
3074.68,2052.56
3085.49,2070.21
3063.31,2077.75
3067.35,2069.36
3072.1,2068.09
3090.71,2052.01
3091.93,2050.28
3095.95,2073.11
3078.86,2060.05
3021.98,2071.59
3023.51,2067.15
3002.85,2066.81
3026.05,2080.44
3023.0,2068.47
3025.87,2096.89
3042.31,2108.03
3033.9,2114.3
2980.43,2124.4
2998.17,2124.85
2987.86,2116.86
2998.48,2111.28
3004.7,2118.94
3048.14,2137.88
3065.25,2129.51
3058.5,2121.49
3061.35,2129.84
3063.81,2126.82
3041.17,2110.36
3083.88,2106.91
3084.72,2119.69
3084.46,2084.49
3090.94,2068.17
3128.25,2071.44
3131.94,2090.33
3116.31,2077.37
3112.35,2070.01
3104.27,1969.32
3100.49,1975.88
3122.44,1959.86
3102.73,1972.91
3128.94,1991.64
3125.32,1984.1
3133.33,1981.32
3147.89,1996.03
3128.37,1993.37
3171.28,1971.06
3196.04,1978.37
3210.37,1979.73
3206.99,1972.35
3205.06,1966.24
3208.45,1969.11
3192.86,1985.95
3218.15,2008.79
3248.35,2005.58
3241.14,1988.13
3241.74,1994.15
3261.94,1989.29
3277.0,1968.43
3282.92,1951.31
3250.03,1921.0
3273.31,1851.41
3243.84,1873.02
3204.71,1864.59
3199.65,1857.46
3222.24,1885.77
3215.37,1902.14
3232.88,1896.45
3152.97,1904.04
3155.04,1917.32
3140.53,1909.79
3117.68,1927.57
3122.98,1927.17
3118.08,1941.79
3102.88,1954.62
3137.43,1950.32
3139.56,1964.75
3110.15,1964.32
3122.57,1947.04
3114.66,1958.12
3102.24,1945.11
3096.1,1962.53
3103.64,1981.14
3135.92,1990.34
3158.79,1991.98
3165.41,2000.38
3154.32,1988.77
3171.24,2001.32
3161.67,2008.87
3136.75,1997.72
3119.29,2001.91
3112.76,2025.54
3103.43,2031.63
3108.77,2024.28
3113.01,2009.55
3101.3,2013.64
3123.14,2029.89
3136.77,2027.11
3142.55,2026.76
3149.55,2046.31
3159.17,2029.73
3140.17,2036.05
3156.98,2043.94
3153.09,2037.89
3166.98,2038.6
3183.18,2046.74
3196.7,2039.41
3216.84,2034.22
3217.93,2019.39
3212.99,1979.58
3229.62,1986.47
3202.08,2023.2
3239.96,2029.21
3253.33,2028.33
3261.22,2008.5
3251.38,2022.38
3253.43,2007.0
3228.66,2014.67
3241.73,1986.65
3246.93,1958.55
3230.03,1946.42
3218.31,1932.46
3233.87,1928.78
3242.41,1920.22
3240.66,1873.37
3216.75,1882.86
3212.76,1889.79
3237.02,1900.03
3239.33,1906.92
3241.76,1906.88
3268.94,1901.75
3237.45,1896.36
3250.81,1872.79
3261.61,1835.59
3245.22,1847.64
3248.55,1822.56
3269.45,1819.15
3266.96,1820.2
3252.95,1827.02
3241.31,1865.27
3210.24,1867.68
3222.51,1855.99
3270.31,1853.71
3281.0,1828.22
3286.62,1789.47
3269.39,1798.87
3288.97,1811.9
3273.83,1810.11
3275.96,1808.3
3246.07,1773.61
3222.17,1788.6
3196.71,1800.93
3170.69,1810.8
3172.1,1850.53
3173.15,1852.86
3129.53,1857.17
3134.57,1836.76
3140.85,1859.88
3152.19,1852.79
3154.66,1869.71
3143.71,1866.05
3135.35,1876.85
3127.37,1879.06
3103.04,1887.19
3078.61,1862.84
3080.53,1871.34
3052.79,1896.79
3061.5,1898.54
3083.51,1883.37
3090.23,1892.27
3112.96,1897.69
3104.44,1905.2
3090.14,1896.53
3090.63,1913.14
3075.68,1914.59
3061.95,1918.13
3064.08,1905.37
3107.83,1891.6
3110.06,1889.45
3117.18,1888.7
3102.62,1881.01
3105.54,1800.54
3091.66,1811.33
3102.13,1839.06
3140.32,1847.97
3150.33,1845.81
3158.4,1854.67
3139.88,1848.59
3153.74,1843.12
3130.67,1865.96
3132.49,1868.37
3123.17,1879.1
3144.37,1882.47
3140.01,1869.32
3156.21,1869.21
3147.45,1858.49
3157.87,1872.29
3185.44,1879.16
3191.2,1885.55
3173.2,1872.6
3188.06,1842.6
3192.43,1879.77
3195.91,1887.28
3182.8,1898.39
3207.13,1909.38
3212.44,1902.25
3217.96,1916.42
3212.63,1908.32
3203.04,1902.0
3197.54,1890.48
3218.16,1910.13
3222.42,1936.76
3176.46,1932.06
3187.57,1938.9
3230.98,1944.94
3244.86,1956.35
3237.98,1968.12
3250.6,1972.14
3243.69,1979.53
3247.67,1972.74
3249.78,1975.87
3253.24,1991.73
3273.03,1986.21
3292.64,1994.98
3285.06,1993.53
3272.93,1987.98
3262.08,2002.74
3279.46,1995.6
3281.87,2012.23
3275.57,1995.42
3261.75,1988.59
3208.54,1963.9
3237.36,1964.03
3251.26,1979.28
3246.45,1974.78
3268.43,1988.49
3268.72,2014.43
3286.91,2030.18
3290.23,2026.47
3287.7,2023.36
3271.51,2036.81
3331.52,2005.95
3362.65,2008.06
3365.23,2000.11
3363.63,1983.72
3360.81,1999.68
3367.12,2012.05
3379.58,2009.65
3384.32,2025.32
3385.39,2030.35
3365.5,2023.5
3365.24,1988.48
3376.42,2002.28
3379.49,2003.44
3384.15,1989.98
3371.43,1975.92
3353.62,1999.3
3362.86,2012.72
3356.84,2013.71
3366.0,2028.69
3357.81,2039.17
3352.53,2045.18
3341.55,2025.78
3343.58,2005.61
3345.27,2010.13
3339.64,1954.3
3348.94,1971.93
3374.38,1987.45
3382.99,1982.28
3388.28,1924.45
3386.1,1922.72
3390.52,1892.82
3378.47,1918.32
3372.04,1919.06
3381.79,1901.86
3370.17,1916.8
3378.65,1902.91
3380.7,1866.98
3388.25,1879.65
3396.9,1868.42
3407.57,1891.51
3416.81,1919.69
3390.34,1901.09
3393.34,1915.77
3395.91,1915.0
3383.31,1901.2
3371.74,1889.13
3388.17,1905.62
3413.57,1891.52
3415.46,1905.05
3427.79,1901.56
3432.67,1883.89
3447.84,1892.02
3429.55,1878.8
3402.52,1887.34
3399.25,1899.34
3382.91,1919.2
3392.4,1934.0
3410.5,1940.96
3430.46,1941.8
3351.92,1945.98
3353.82,1952.18
3322.23,1945.66
3333.66,1953.12
3337.86,1948.93
3317.19,1913.77
3317.62,1927.56
3309.62,1921.74
3303.68,1924.2
3293.96,1921.54
3272.05,1943.91
3289.99,1950.99
3322.2,1960.93
3280.81,1953.3
3303.04,1950.21
3292.44,1919.8
3266.14,1909.57
3267.92,1877.82
3296.54,1821.06
3287.61,1821.53
3300.06,1806.3
3297.06,1726.09
3280.46,1714.39
3306.12,1734.57
3275.78,1679.26
3296.38,1723.73
3307.17,1730.83
3348.33,1739.15
3369.11,1771.97
3385.71,1775.17
3391.75,1815.02
3409.48,1808.92
3413.9,1811.78
3421.83,1834.01
3425.34,1822.21
3428.94,1830.84
3410.49,1852.22
3436.59,1837.87
3444.67,1856.47
3474.75,1885.38
3487.86,1908.84
3501.36,1895.31
3546.5,1878.51
3559.47,1874.41
3548.31,1863.03
3558.13,1868.05
3523.0,1872.33
3488.01,1858.61
3480.83,1849.6
3446.98,1766.61
3462.08,1790.35
3487.5,1829.69
3370.65,1812.36
3309.26,1830.09
3262.05,1853.72
3129.85,1856.66
3154.13,1842.23
3184.96,1831.7
3199.16,1831.83
3268.56,1841.22
3289.02,1850.97
3329.57,1840.27
3292.07,1834.38
3259.41,1824.77
3273.75,1784.56
3254.53,1803.84
3256.93,1814.64
3289.64,1778.34
3271.67,1764.2
3288.41,1804.41
3307.17,1809.26
3326.7,1770.4
3310.24,1776.13
3291.38,1774.9
3291.11,1792.89
3269.88,1789.07
3279.25,1822.18
3290.64,1834.56
3280.95,1834.56
3263.48,1844.04
3152.76,1825.14
3133.72,1823.25
3166.65,1839.88
3122.29,1832.27
3160.53,1822.7
3168.9,1828.79
3163.18,1848.06
3136.63,1855.16
3131.11,1834.72
3138.29,1827.05
3190.32,1810.03
3208.08,1806.08
3180.16,1786.71
3159.05,1736.34
3110.65,1767.55
3066.8,1746.33
3091.4,1747.96
3117.38,1777.73
3071.54,1779.15
3068.01,1767.96
3128.93,1751.4
3117.97,1741.18
3075.03,1759.16
3082.23,1731.43
3081.18,1721.89
3100.86,1691.65
3091.03,1594.05
3136.64,1612.6
3161.5,1578.33
3159.15,1597.39
3174.41,1587.31
3163.26,1596.17
3174.03,1575.57
3192.12,1556.82
3169.57,1607.62
3154.28,1582.26
3193.3,1594.24
3213.84,1563.0
3214.35,1528.67
3168.96,1535.98
3154.65,1574.54
3141.3,1585.78
3135.08,1554.62
3120.46,1597.17
3041.44,1604.45
3095.47,1602.84
3075.14,1600.08
3091.19,1588.12
3114.21,1575.58
3115.18,1593.3
3109.5,1601.69
3067.15,1625.84
3052.78,1624.72
3079.8,1609.73
3049.8,1599.08
3044.16,1576.79
3021.9,1576.41
2907.82,1549.28
2915.73,1512.05
2875.81,1486.06
2889.76,1455.09
2859.34,1495.05
2844.51,1466.7
2813.18,1505.64
2786.9,1515.96
2847.42,1520.71
2775.56,1513.9
2786.89,1481.82
2759.13,1467.12
2733.88,1442.38
2747.23,1451.07
2815.11,1471.28
2827.63,1454.52
2777.77,1463.69
2837.66,1460.33
2831.18,1496.71
2814.04,1497.7
2798.13,1489.29
2787.26,1467.18
2772.55,1451.38
2829.27,1448.93
2859.54,1465.79
2905.56,1442.25
2903.65,1431.86
2882.23,1433.36
2873.59,1406.92
2869.05,1409.34
2876.4,1403.6
2824.53,1413.57
2768.02,1402.51
2740.44,1380.98
2705.16,1404.15
2779.37,1423.22
2744.07,1420.02
2794.38,1445.11
2795.31,1437.31
2785.87,1447.85
2780.96,1429.61
2723.26,1441.54
2705.19,1386.28
2668.97,1385.09
2698.47,1383.05
2733.83,1293.9
2714.61,1296.36
2724.62,1281.08
2729.43,1256.37
2780.9,1266.55
2777.98,1232.01
2769.29,1263.81
2737.74,1325.73
2725.25,1300.29
2720.73,1297.22
2750.58,1292.8
2704.34,1290.62
2691.59,1264.58
2702.3,1276.45
2669.48,1294.22
2664.8,1306.31
2656.11,1351.09
2686.58,1351.0
2681.64,1346.19
2651.79,1340.37
2699.95,1333.98
2730.85,1328.19
2729.24,1361.74
2797.48,1383.92
2781.14,1378.36
2806.81,1398.4
2791.77,1410.18
2821.35,1417.43
2716.51,1378.92
2721.01,1386.43
2725.84,1385.84
2583.46,1335.15
2606.91,1330.93
2568.1,1336.68
2546.33,1355.38
2561.61,1325.43
2486.42,1337.74
2550.47,1381.55
2654.88,1387.49
2594.83,1380.78
2603.3,1350.75
2603.8,1350.7
2598.85,1332.53
2542.1,1343.9
2568.05,1346.03
2602.78,1360.92
2606.24,1327.42
2676.48,1323.31
2665.43,1312.55
2659.36,1294.49
2641.34,1297.1
2635.63,1284.66
2598.87,1295.72
2630.52,1285.19
2654.88,1279.79
2632.24,1264.23
2668.17,1267.87
2679.11,1256.39
2703.51,1246.36
2645.85,1279.49
2651.51,1301.41
2645.43,1299.89
2579.48,1306.95
2575.81,1303.48
2574.68,1313.36
2601.74,1303.75
2567.44,1323.16
2588.19,1321.52
2654.8,1309.14
2665.96,1322.14
2649.81,1330.17
2605.18,1314.58
2605.89,1316.28
2584.58,1322.3
2594.09,1319.97
2602.15,1314.99
2634.05,1300.34
2593.74,1283.71
2597.97,1274.74
2576.65,1309.99
2549.56,1347.94
2536.27,1364.15
2516.25,1389.68
2527.01,1398.84
2504.82,1389.47
2498.29,1440.95
2483.09,1443.6
2493.9,1448.24
2465.29,1444.35
2464.36,1477.25
2514.87,1557.27
2533.09,1549.71
2526.46,1540.92
2544.34,1546.33
2535.1,1564.84
2553.83,1599.48
2535.77,1635.98
2570.34,1660.41
2570.42,1668.53
2559.64,1605.28
2596.01,1667.82
2610.51,1695.81
2579.7,1656.54
2581.0,1618.26
2591.69,1641.37
2601.72,1685.79
2596.98,1688.76
2594.25,1684.57
2575.58,1697.49
2584.57,1700.94
2618.23,1676.43
2653.9,1639.94
2671.89,1654.69
2721.07,1639.72
2719.7,1695.14
2682.39,1755.67
2754.36,1757.6
2755.65,1772.09
2761.22,1780.02
2751.8,1770.2
2804.23,1783.01
2961.28,1779.28
2941.52,1740.37
2953.82,1738.52
2940.95,1723.91
2994.01,1760.02
3027.58,1772.71
3054.25,1762.3
3102.1,1778.81
3106.42,1751.91
2969.86,1728.86
3026.99,1747.88
3060.31,1688.25
3026.95,1665.8
2990.69,1625.62
3021.75,1636.59
3096.42,1515.8
3090.98,1540.31
3090.64,1530.31
3101.46,1510.72
3104.15,1568.62
3043.03,1551.75
2997.1,1542.07
3022.72,1577.92
2994.94,1584.81
3090.76,1533.22
3170.36,1521.72
3176.82,1548.68
3216.3,1540.85
3246.57,1503.37
3244.81,1496.03
3239.66,1533.52
3241.93,1541.65
3189.96,1541.66
3188.63,1532.03
3177.79,1531.86
3253.6,1515.89
3263.12,1494.15
3250.2,1494.77
3270.8,1463.7
3215.04,1483.23
3198.59,1538.23
3201.61,1528.4
3123.83,1532.79
3086.4,1505.06
3062.5,1502.12
3078.34,1504.57
2906.46,1526.77
2926.39,1556.6
2893.76,1577.44
2850.95,1576.09
2939.21,1560.46
2903.71,1560.51
2883.61,1577.56
2938.68,1562.42
2955.71,1616.55
2882.3,1619.12
2870.6,1600.02
2905.97,1591.24
2891.7,1601.2
2852.52,1554.8
2852.99,1558.11
2892.38,1550.87
2909.91,1548.93
2914.7,1556.77
2905.81,1572.34
2898.7,1571.81
2890.08,1574.35
2862.28,1548.64
2861.42,1560.27
2827.8,1532.43
2852.13,1545.87
2925.72,1562.97
2909.38,1572.8
2910.74,1573.45
2881.97,1574.95
2887.62,1582.07
2890.16,1571.3
2917.8,1563.06
2987.12,1539.86
3001.98,1517.27
3008.15,1490.3
2982.07,1483.95
2976.28,1498.95
2996.79,1479.86
2978.88,1508.99
3044.9,1498.63
3043.94,1509.0
3015.26,1517.07
3005.25,1525.48
3011.06,1571.97
2933.36,1574.12
2928.23,1572.62
2915.3,1578.91
2917.76,1578.7
2930.55,1566.57
2942.19,1595.82
2937.62,1593.82
2931.69,1591.08
2901.18,1579.25
2924.2,1614.92
2886.97,1625.56
2899.94,1636.4
2923.28,1651.63
2937.36,1657.5
2944.54,1689.21
2941.01,1687.31
2952.34,1671.54
2932.51,1681.23
2908.77,1685.09
2867.84,1651.35
2821.5,1655.61
2777.56,1672.63
2768.68,1675.35
2794.55,1660.06
2774.75,1665.56
2814.99,1638.77
2797.26,1597.72
2808.91,1612.26
2815.8,1595.21
2823.82,1598.64
2883.1,1609.1
2880.0,1631.84
2880.33,1636.96
2883.44,1660.33
2897.43,1641.95
2863.57,1635.65
2902.19,1635.92
2893.76,1616.72
2890.92,1614.87
2886.24,1631.22
2924.11,1618.4
2930.15,1616.33
2957.41,1632.4
2985.86,1658.24
2999.6,1642.68
3024.74,1628.62
3021.2,1616.19
3008.81,1637.0
3031.24,1646.7
3030.75,1655.6
2978.12,1641.23
2985.66,1651.77
2999.28,1648.68
3006.45,1611.44
2977.08,1614.19
2985.34,1614.3
2955.43,1624.13
2929.09,1605.7
2932.17,1617.19
2905.19,1646.8
2913.57,1635.16
2924.86,1631.24
2947.71,1607.51
2973.66,1600.45
3007.88,1605.64
2991.05,1602.0
2978.71,1597.85
2977.33,1593.1
2938.14,1596.6
2939.62,1605.33
2954.38,1608.52
2941.62,1626.97
2940.92,1640.33
2954.93,1640.51
2980.05,1646.82
2954.18,1639.5
2939.32,1636.33
2929.06,1660.55
2958.2,1686.41
2975.49,1708.78
2991.56,1709.44
2978.6,1713.03
2978.71,1700.29
2964.18,1667.71
2909.97,1690.74
2914.82,1697.21
2905.24,1709.45
2909.87,1697.91
2891.34,1713.51
2909.2,1722.94
2933.99,1756.16
2911.05,1760.85
2903.64,1768.68
2885.29,1791.85
2906.17,1769.58
2907.06,1800.64
2903.19,1797.88
2889.69,1822.35
2871.98,1818.13
2875.81,1814.21
2884.7,1811.57
2878.12,1806.28
2899.47,1829.95
2912.01,1806.54
2914.48,1819.61
2917.32,1756.81
2924.42,1609.0
2915.7,1638.02
2967.68,1678.64
2984.39,1727.24
3022.42,1736.17
3017.04,1757.26
3017.07,1758.02
3004.94,1785.33
2962.75,1771.61
2982.68,1779.43
2981.88,1835.96
3007.35,1856.56
3005.04,1846.4
3040.02,1886.14
3050.12,1907.35
3085.2,1933.36
3083.79,1943.17
3083.41,1890.6
3104.8,1895.13
3066.89,1801.75
3094.88,1869.65
3092.29,1888.92
3115.57,1895.74
3106.82,1929.44
3090.04,1915.17
3074.08,1842.66
3075.5,1887.34
3095.79,1859.4
3052.14,1818.56
3060.75,1798.98
2976.53,1712.02
2746.61,1704.74
2783.29,1678.25
2818.09,1682.93
2866.51,1704.46
2875.96,1631.88
2890.49,1666.22
2901.67,1714.86
2926.9,1701.15
2906.07,1693.35
2917.01,1657.55
2983.62,1665.93
2984.97,1660.08
2975.4,1697.55
3030.15,1689.57
3039.67,1743.37
3031.23,1740.65
3013.05,1755.37
2987.93,1721.22
2991.33,1707.46
2880.3,1745.42
2970.93,1736.13
2992.9,1744.39
3011.67,1750.28
3071.68,1767.86
3034.51,1753.42
2943.29,1771.8
2996.76,1763.03
2968.52,1736.93
2923.49,1738.05
2887.43,1732.56
2789.25,1730.74
2779.64,1763.36
2728.76,1790.28
2702.13,1788.21
2745.62,1809.17
2660.17,1804.74
2722.44,1810.73
2781.59,1822.85
2764.91,1805.7
2772.2,1808.56
2747.21,1800.84
2750.3,1823.57
2734.52,1805.86
2780.64,1788.64
2763.99,1752.42
2820.76,1750.82
2815.37,1789.52
2825.9,1774.22
2796.63,1769.7
2783.05,1786.51
2827.28,1842.95
2811.17,1846.66
2819.94,1847.38
2838.49,1852.54
2852.55,1856.61
2827.01,1856.89
2843.98,1869.33
2838.5,1874.94
2808.53,1865.3
2815.49,1870.7
2810.02,1865.34
2822.44,1898.35
2860.08,1903.77
2878.14,1908.33
2871.52,1931.1
2895.34,1936.65
2894.8,1947.45
2891.56,1947.73
2898.05,1939.12
2870.34,1975.52
2868.46,1991.11
2875.42,2016.05
2898.58,2041.89
2883.74,2121.59
2867.92,2157.94
2813.77,2198.62
2817.97,2257.95
2846.55,2251.0
2836.8,2329.4
2846.22,2309.56
2852.35,2261.8
2915.43,2144.24
2921.4,2158.94
2923.37,2216.7
2919.25,2232.7
2930.8,2251.43
2937.77,2250.92
2956.11,2138.36
2943.75,2144.37
2920.9,2173.84
2919.74,2236.95
2890.03,2227.33
2931.75,2256.87
2935.87,2315.44
2939.32,2300.5
2967.63,2318.92
2965.27,2304.52
2970.62,2272.66
2979.55,2277.42
2961.52,2243.45
2984.67,2215.11
3025.98,2216.47
3090.57,2244.17
3152.81,2287.34
3332.88,2298.45
3345.34,2253.68
3403.44,2225.72
3450.59,2249.95
3383.32,2278.25
3443.29,2280.75
3414.62,2237.89
3361.3,2261.16
3210.1,2305.62
3214.13,2295.49
3314.15,2310.85
3320.89,2321.4
3333.16,2301.81
3325.11,2290.49
3196.77,2239.68
3205.23,2248.2
3227.96,2175.77
3294.55,2129.25
3286.82,2164.22
3310.01,2189.1
3367.97,2205.36
3371.69,2185.22
3377.56,2186.99
3386.46,2219.91
3354.04,2208.3
3379.25,2184.15
3340.29,2202.18
3319.27,2148.08
3320.73,2143.05
3360.1,2126.88
3438.8,2148.45
3451.09,2149.54
3408.13,2215.96
3363.9,2289.36
3380.68,2304.19
3385.64,2290.4
3373.58,2274.39
3329.74,2265.43
3350.11,2249.53
3403.81,2279.38
3395.68,2254.23
3410.61,2243.24
3404.8,2200.56
3384.98,2212.07
3355.37,2223.92
3292.59,2239.11
3316.42,2249.57
3254.63,2198.07
3234.82,2223.39
3260.35,2255.08
3278.81,2262.14
3295.68,2299.87
3283.92,2282.09
3270.44,2333.46
3338.09,2308.85
3316.94,2263.96
3274.3,2273.74
3279.71,2268.67
3223.18,2289.82
3219.42,2269.33
3217.53,2261.59
3224.36,2275.85
3218.05,2289.51
3272.08,2301.96
3358.47,2294.15
3359.75,2254.3
3340.78,2245.47
3332.18,2253.12
3336.36,2249.66
3312.67,2286.55
3328.1,2290.2
3325.02,2290.33
3312.5,2301.83
3278.0,2294.91
3251.12,2293.98
3254.32,2250.81
3269.24,2253.43
3272.73,2223.94
3224.53,2247.69
3225.12,2256.43
3271.07,2248.51
3277.44,2269.48
3320.13,2262.57
3312.16,2304.98
3373.73,2264.48
3360.15,2281.24
3342.2,2255.54
3338.68,2273.99
3310.1,2273.01
3346.97,2258.37
3339.9,2288.56
3347.3,2329.37
3363.09,2386.54
3377.73,2422.34
3414.49,2421.51
3402.82,2426.66
3362.33,2419.5
3369.73,2375.86
3408.31,2419.96
3391.76,2393.74
3451.94,2360.4
3449.38,2366.86
3442.14,2401.78
3444.58,2378.65
3416.6,2412.56
3410.18,2449.37
3371.96,2456.24
3373.28,2462.85
3347.19,2414.16
3369.12,2420.92
3367.23,2352.75
3366.98,2335.05
3404.87,2362.39
3394.9,2401.65
3420.57,2380.79
3356.78,2353.27
3382.32,2332.53
3363.11,2360.78
3396.56,2418.24
3397.29,2460.54
3379.04,2450.39
3414.45,2468.66
3473.07,2416.67
3502.96,2396.01
3528.68,2347.28
3550.88,2335.4
3576.2,2293.69
3570.11,2349.17
3531.5,2332.76
3608.34,2363.11
3598.65,2294.67
3565.9,2298.6
3566.38,2224.08
3596.22,2160.91
3566.38,2165.35
3583.09,2216.48
3621.26,2220.26
3606.75,2172.94
3624.24,2196.51
3569.43,2218.26
3573.34,2237.5
3505.18,2194.91
3483.07,2222.72
3505.28,2197.71
3533.68,2166.75
3517.31,2166.4
3501.86,2214.81
3496.33,2218.79
3532.45,2229.27
3603.49,2217.62
3655.09,2242.19
3675.36,2262.08
3696.17,2266.2
3642.44,2258.11
3636.36,2257.95
3564.08,2236.58
3585.05,2188.89
3509.08,2187.57
3551.4,2218.48
3508.59,2206.55
3576.9,2220.22
3503.49,2274.36
3501.99,2272.68
3421.41,2277.21
3359.29,2288.18
3357.74,2298.55
3436.83,2281.3
3453.08,2281.93
3419.95,2300.94
3446.73,2305.65
3445.55,2298.93
3463.07,2276.58
3404.66,2239.68
3443.44,2243.93
3411.51,2251.96
3367.06,2271.81
3363.59,2253.3
3418.33,2293.87
3435.3,2320.33
3456.68,2324.27
3441.91,2327.46
3466.33,2330.36
3484.39,2319.79
3482.97,2337.26
3479.63,2381.93
3482.55,2380.56
3450.68,2399.27
3412.95,2393.48
3396.47,2419.76
3416.72,2429.57
3398.99,2400.9
3426.62,2392.64
3477.55,2407.65
3472.94,2413.9
3472.93,2393.13
3465.11,2396.54
3474.17,2422.58
3441.17,2407.93
3442.61,2387.91
3457.07,2332.41
3474.9,2359.4
3446.86,2378.61
3441.28,2396.2
3418.87,2408.41
3427.99,2427.38
3441.85,2415.36
3462.75,2442.08
3429.54,2463.66
3490.38,2441.26
3517.62,2466.24
3529.01,2442.26
3510.96,2396.78
3506.94,2414.4
3486.56,2406.59
3497.28,2446.99
3581.34,2435.21
3593.36,2436.84
3608.85,2485.15
3600.78,2491.97
3615.48,2470.07
3624.71,2478.72
3597.14,2454.06
3584.21,2452.32
3591.84,2456.75
3599.54,2492.54
3580.11,2503.85
3591.4,2468.14
3610.86,2411.81
3589.75,2331.43
3556.56,2313.2
3518.33,2384.17
3525.6,2385.62
3525.1,2436.92
3529.18,2423.97
3557.41,2465.62
3566.22,2447.04
3566.65,2443.06
3607.56,2462.84
3606.37,2483.79
3573.18,2487.0
3591.2,2478.34
3588.78,2468.74
3518.76,2454.36
3534.32,2392.49
3530.26,2412.49
3553.72,2417.23
3525.5,2388.96
3524.09,2445.04
3547.84,2463.85
3566.52,2475.08
3528.5,2437.15
3564.59,2439.69
3539.3,2441.11
3539.12,2429.86
3536.79,2417.89
3562.66,2427.77
3574.73,2414.3
3550.4,2463.36
3467.44,2490.64
3381.18,2492.59
3361.59,2494.27
3411.72,2502.02
3397.36,2500.83
3464.29,2488.88
3447.99,2486.13
3477.22,2437.56
3466.55,2446.05
3458.23,2440.05
3494.63,2451.36
3529.93,2434.23
3532.62,2406.56
3524.74,2402.2
3516.3,2347.16
3517.34,2395.05
3446.98,2413.92
3485.29,2403.46
3465.55,2363.81
3427.33,2394.39
3477.13,2399.26
3514.47,2400.52
3540.38,2402.04
3501.66,2422.64
3522.16,2420.04
3528.15,2416.18
3543.94,2412.67
3567.1,2433.22
3597.04,2424.39
3581.73,2397.51
3621.86,2362.24
3676.59,2400.03
3675.19,2411.78
3693.13,2392.27
3703.11,2393.6
3715.37,2425.16
3662.6,2406.42
3656.22,2417.97
3607.09,2436.24
3613.97,2430.08
3628.49,2457.78
3642.22,2467.16
3613.07,2462.39
3582.83,2449.95
3602.22,2477.02
3536.29,2460.86
3568.17,2490.27
3592.17,2525.58
3591.71,2520.37
3546.94,2520.48
3561.76,2512.22
3558.28,2507.15
3572.37,2516.94
3568.14,2519.27
3593.15,2524.14
3587.0,2508.45
3594.78,2526.38
3582.6,2495.5
3609.86,2477.49
3597.64,2521.29
3562.31,2543.16
3518.42,2546.65
3547.34,2561.91
3544.48,2558.25
3505.63,2543.49
3498.54,2559.31
3526.87,2523.15
3491.57,2478.41
3498.63,2504.33
3507.0,2520.3
3492.46,2524.74
3532.79,2491.96
3539.1,2494.2
3533.3,2514.82
3521.79,2494.41
3537.37,2517.16
3520.71,2530.14
3560.37,2527.7
3582.08,2483.69
3589.09,2481.33
3592.7,2452.82
3584.18,2467.32
3564.09,2441.23
3562.7,2475.82
3563.89,2434.92
3576.89,2435.4
3573.84,2473.01
3607.43,2464.83
3589.31,2442.12
3595.09,2419.69
3637.57,2387.65
3673.04,2392.24
3666.35,2313.06
3681.08,2329.17
3661.53,2262.41
3647.63,2262.37
3675.02,2285.99
3632.36,2280.51
3593.6,2317.23
3625.13,2302.47
3622.62,2262.96
3643.34,2253.13
3618.05,2283.63
3615.97,2296.99
3630.11,2302.16
3597.0,2311.79
3619.19,2325.8
3639.78,2297.3
3632.33,2337.58
3595.18,2282.44
3586.08,2310.07
3579.54,2318.09
3593.52,2326.25
3567.44,2313.18
3597.43,2294.08
3555.26,2264.64
3521.26,2203.41
3541.67,2139.67
3569.91,2116.15
3558.18,2160.94
3555.06,2173.14
3522.57,2109.46
3524.11,2013.37
3433.06,2086.24
3455.67,2133.01
3394.25,2144.9
3361.44,2160.54
3429.58,2151.68
3452.63,2163.2
3479.95,2144.34
3485.91,2113.73
3462.95,2096.5
3428.88,2084.47
3446.09,2137.61
3465.83,2117.96
3468.04,2127.82
3490.76,2127.96
3490.61,2087.53
3457.15,2080.77
3489.15,2011.45
3429.96,2047.88
3451.41,2012.18
3462.31,2034.48
3488.83,2013.87
3484.19,2022.52
3481.11,2020.28
3447.65,1985.65
3372.86,1923.81
3293.53,1914.11
3256.39,1790.03
3296.09,1752.27
3309.75,1821.39
3223.53,1808.47
3063.97,1878.88
3170.71,1891.66
3215.04,1859.39
3251.07,1865.92
3253.69,1894.39
3259.86,1918.52
3271.03,1921.65
3250.26,1931.45
3212.24,1926.01
3214.5,1940.05
3203.94,1941.54
3266.6,1952.7
3252.2,1983.67
3282.72,1994.76
3283.43,1922.48
3236.7,1944.88
3251.85,1955.13
3167.13,1955.03
3213.33,1975.89
3186.82,2006.95
3225.64,2012.65
3211.24,2026.51
3195.52,2073.56
3194.03,2072.58
3151.05,2083.42
3079.81,2045.7
3086.92,2085.31
2928.51,2085.1
2886.43,2089.11
2958.28,2098.99
2975.48,2106.75
3047.06,2131.22
3067.76,2158.34
3001.56,2147.29
3004.14,2119.82
3035.84,2164.01
3058.7,2192.66
3054.99,2216.98
3084.28,2243.92
3073.75,2194.51
3093.7,2224.15
3085.98,2219.41
3096.96,2245.31
3146.57,2232.98
3146.86,2207.2
3070.93,2227.66
3107.46,2219.9
3123.11,2187.34
3130.24,2155.56
3149.06,2175.59
3186.43,2192.7
3182.16,2159.99
3195.46,2191.96
3236.37,2194.92
3241.76,2210.46
3263.79,2193.81
3238.95,2185.41
3284.83,2165.36
3255.55,2187.23
3288.91,2194.54
3305.41,2203.24
3285.38,2181.25
3316.79,2202.49
3315.43,2138.17
3306.72,2117.19
3267.2,2135.33
3320.15,2166.01
3349.75,2183.22
3379.19,2188.49
3409.21,2180.83
3361.52,2216.98
3398.62,2207.06
3387.64,2217.44
3405.43,2227.04
3404.03,2242.45
3355.35,2236.53
3364.4,2207.99
3356.08,2228.32
3313.58,2227.38
3281.47,2160.38
3284.29,2155.14
3281.74,2146.19
3228.06,2147.74
3278.1,2137.72
3279.43,2096.07
3304.72,2080.6
3272.0,2089.74
3269.97,2088.09
3250.39,2113.27
3277.44,2123.2
3275.76,2104.39
3282.58,2118.11
3253.24,2125.05
3259.96,2100.9
3186.27,2051.79
3163.67,2005.6
3189.04,1990.36
3227.03,2011.66
3236.93,2004.31
3247.43,1991.85
3230.02,1963.69
3281.67,1949.0
3276.89,1989.4
3276.09,1938.26
3277.88,1937.2
3292.53,1912.0
3277.54,1870.5
3258.08,1882.0
3277.79,1929.53
3276.22,1934.28
3215.2,1984.33
3246.25,1997.81
3236.22,2005.08
3240.73,1981.84
3227.22,1971.67
3202.14,1966.93
